,precision,recall,f1-score,support
ema_30_90,0.0,0.0,0.0,3.0
ema_50_150,0.631578947368421,0.5217391304347826,0.5714285714285714,23.0
sma_30_120,0.0,0.0,0.0,13.0
sma_50_200,0.7767857142857143,0.9354838709677419,0.848780487804878,93.0
accuracy,0.75,0.75,0.75,0.75
macro avg,0.3520911654135338,0.3643057503506311,0.3550522648083624,132.0
weighted avg,0.6573286910457963,0.75,0.6975715341569,132.0
